school_server_code,avg_timesp_year_e,avg_timesp_year_m,avg_timesp_year_s
2031004-mz4,0.0,4.0,0.0
2031005-mz5,0.0,13.133333333333333,3.0
2031007-mz7,0.0,0.768888888888889,0.0
2031008-mz8,0.0,164.54166666666666,9.0
2031011-mz11,0.0,46.28216145833333,0.0
2031014-mz14,0.0,36.847716346153845,0.0
2031016-mz16,0.0,67.0,0.0
2031017-mz17,0.0,5.0,0.0
2031027-mz27,0.0,25.711999999999996,0.0
2031028-mz28,0.0,2.0,0.0
2031030-mz30,0.0,50.13589238845144,0.0
